,Unnamed: 0,smiles,value,cluster,preds
0,0,C#CCOc1nc(Nc2ccc(S(C)(=O)=O)cc2)ncc1C(F)(F)F,6.213958789757446,0,6.379986565789314
1,1,C/C(=C\C=C\CC(C)C(CC(=O)O)O[C@H]1O[C@@H](CO)[C@H](O)[C@H](O)[C@@H]1O)C(=O)O,5.300943145452332,0,5.489748807197487
2,2,C/C(=N\OC(C)(C)C)c1ccc2[nH]c3c4c(c5c(c3c2c1)CNC5=O)-c1cn(C)nc1CC4,7.494850021680094,0,7.759883644363101
3,3,C/C(=N\OC(C)C)c1ccc2c(c1)c1c3c(c4c(c1n2C(C)C)CCc1nn(C)cc1-4)C(=O)NC3,8.110924374808178,0,8.120003417074942
4,4,C=CCO/N=C/c1c(N)ncnc1Oc1ccc2[nH]c(C)cc2c1F,7.275724130399211,0,7.193105740323126
5,5,C=CCOc1nc(Nc2ccc(S(C)(=O)=O)cc2)ncc1C(F)(F)F,6.070070439915412,0,6.068226311180457
6,6,C=CCS(=O)(=O)c1ccc(Nc2ncc(C(F)(F)F)c(O[C@H](C)C(C)(C)O)n2)cc1,6.336299074610352,0,6.455868806655141
7,7,C=S(N)(=O)c1ccc(Nc2ncc(Br)c(N[C@H](C)CO)n2)cc1,7.387216143280264,0,7.5357919958329225
8,8,CC(=O)N1CCN(Cc2ccc(-c3ccn4c(-c5ccccc5)cnc4c3)cc2)CC1,6.521433504406157,0,6.720461062783287
9,9,CC(=O)N1CCN(Cc2ccnc(Nc3ncc(C#N)s3)c2)CC1,7.431798275933005,0,7.338598624226918
10,10,CC(=O)N1CCN([C@H]2C[C@@H](n3cc(-c4cc(O)ccc4F)c4c(N)ncnc43)C2)CC1,5.060430831344098,0,5.372869313792868
11,11,CC(=O)N1CCN(c2nccc(Nc3ncc(C#N)s3)n2)CC1,6.8124792791635365,0,6.976265324606322
12,12,CC(=O)Nc1oc(-c2cc3ccccc3cc2O)nc1-c1ccccc1,7.769551078621726,0,7.269920692101364
13,13,CC(=O)c1c[nH]c2ccc(Nc3nccc(-n4cc(CN5CC(O)C5)c(C)n4)n3)cc12,6.235077015350111,0,6.092324084736732
14,14,CC(=O)c1nn(-c2ccc(Cl)cc2)cc1C(=O)c1c(C)[nH]c(-c2ccccc2)c1-c1ccccc1,5.3624102141613,0,5.424516158044286
15,15,CC(C)(C)C(=O)Nc1ccc(-c2ccc(NC(=O)Nc3ccc(Cl)c(Cl)c3)cc2)cn1,7.8458804744841535,0,7.277529335517974
16,16,CC(C)(C)OC(=O)N1CCN(C(=S)SCC(=O)Nc2cccc(NC(=O)c3ccccn3)c2)CC1,7.013228265733755,0,6.813084168383173
17,17,CC(C)(C)c1ccc(Nc2nnc(-c3cccc4cnccc34)c3ccccc23)cc1,7.119186407719209,0,6.95814536098107
18,18,CC(C)(C)c1ccc(Nc2nnc(-c3cccnc3CCc3ccncc3)o2)cc1,7.275183674764962,0,7.079489034629116
19,19,CC(C)(C)c1ccc(Nc2nnc(-c3ccncc3CCc3ccncc3)o2)cc1,6.6062308001737,0,6.54300232170057
20,20,CC(C)(C)c1nc2c3ccc(F)cc3c3c(=O)[nH]ccc3c2[nH]1,5.853561864714226,0,6.091628655728677
21,21,CC(C)(C)n1cc(-c2ccc(Cl)cc2)c2c(N)ncnc21,5.57170318601712,0,5.788121814820351
22,22,CC(C)(N)c1ccc(-c2nc(Nc3ccc(OCCN4CCOCC4)cc3)ncc2C#N)cc1,6.345823458122039,0,6.24589453938709
23,23,CC(C)(O)COc1ccc2c(Oc3ccc(Nc4nccc5[nH]cc(-c6ccccc6)c(=O)c45)cc3F)ccnc2c1,6.701146923590294,0,6.674963448658979
24,24,CC(C)(O)c1ccc(-c2nc(Nc3ccc(CCO)cc3)ncc2C#N)cc1,6.386158178123931,0,6.505195892120236
25,25,CC(C)CCn1c2ccc(C3CCCCO3)cc2c2c3c(c4c(c21)CCc1nn(C)cc1-4)C(=O)NC3,7.107905397309519,0,7.646603196631569
26,26,CC(C)Cn1c2ccc(NC(=O)c3cccs3)cc2c2c3c(c4c(c21)CCc1nn(C)cc1-4)C(=O)NC3,8.096910013008056,0,7.590637684847327
27,27,CC(C)Cn1c2ccc(Nc3nccc(C(F)(F)F)n3)cc2c2c3c(c4c(c21)CCc1nn(C)cc1-4)C(=O)NC3,6.565431095965801,0,7.145176004015947
28,28,CC(C)OCc1ccc2c(c1)c1c3c(c4c(c1n2CCCCC(=O)N(C)C)Cc1ccccc1-4)C(=O)NC3,7.721246399047171,0,7.47630956306941
29,29,CC(C)c1c(OC[C@@H](C)O)cn2ncnc(Nc3cnc4[nH]ccc4c3)c12,6.779891911959945,0,6.979273432913744
30,30,CC(C)c1ccc(Nc2nnc(-c3cccnc3CCc3ccncc3)o2)cc1,7.201591532042205,0,6.915503138478569
31,31,CC(Sc1nc(Nc2ccc(S(C)(=N)=O)cc2)ncc1Br)C(C)(C)O,6.954677021213342,0,7.247980531088172
32,32,CC1(C)O[C@@H](n2c3ccccc3c3c4c(c5c6ccccc6[nH]c5c32)CNC4=O)C[C@@]1(O)CO,8.301029995663981,0,7.6464195520197915
33,33,CC1(C)O[C@@H](n2c3ccccc3c3c4c(c5c6ccccc6[nH]c5c32)CNC4=O)C[C@]1(O)CO,7.180456064458131,0,7.6464195520197915
34,34,CC1(c2cc(NC(=O)c3ccn4cc(Oc5ncnc6c5CNC6)ccc34)n[nH]2)CC1,7.2679043146795,0,7.53939579018427
35,35,CC1=CCC[C@@H]2[C@@]1(C)CC[C@H](C)[C@@]2(C)CC1=C(O)C(=O)C=C(NCCC(C)C)C1=O,5.6534514414515264,0,5.759615446577527
36,36,CCC(CC)CNc1c(C(N)=O)cnc2ccc(C#N)cc12,5.091461367828041,0,5.4032738727538945
37,37,CCCCN(c1ccc(OC)cc1)c1nc(C)nc2oc(C)cc12,7.450996737974212,0,7.3626794738925545
38,38,CCCCn1c2ccc(NC(=O)Nc3ccc(OC)cc3)cc2c2c3c(c4c(c21)CCc1nn(C)cc1-4)C(=O)NC3,6.991399828238082,0,7.08886960016746
39,39,CCCn1c2ccc(C3CCCCO3)cc2c2c3c(c4c(c21)CCc1nn(C)cc1-4)C(=O)NC3,8.045757490560675,0,7.9648992594175
40,40,CCCn1c2ccc(N)cc2c2c3c(c4c(c21)CCc1nn(C)cc1-4)C(=O)NC3,8.0,0,7.800430016888119
41,41,CCCn1c2ccc(NC(=O)Nc3ccc(F)cc3)cc2c2c3c(c4c(c21)CCc1nn(C)cc1-4)C(=O)NC3,7.886056647693163,0,7.79795630998094
42,42,CCCn1c2ccc(NC(=O)OC(C)C)cc2c2c3c(c4c(c21)CCc1nn(C)cc1-4)C(=O)NC3,8.221848749616356,0,8.442866572072836
43,43,CCN(CC)CCCCNc1cc2nc(N)c(-c3c(Cl)cccc3Cl)cc2cn1,5.920456992597094,0,6.2595148138180425
44,44,CCN(CC)CCCOc1cc2c(Oc3ccc(Nc4nccc5[nH]cc(-c6ccc(F)cc6)c(=O)c45)cc3F)ncnc2cc1OC,6.783834097714006,0,6.933836421333841
45,45,CCN(CC)CCOC(=O)c1ccc(OC)c(NC(=O)Nc2cc(-c3ccc4[nH]ccc4c3)ccc2OC(F)(F)F)c1,6.79317412396815,0,7.059555817741808
46,46,CCN(CC)CCOc1ccc(Nc2cc(Cl)nc(-c3ccc(OC)cc3)n2)cc1,6.756961951313706,0,6.698720257945725
47,47,CCN(CC)CCn1c2ccc(C3CCCCO3)cc2c2c3c(c4c(c21)CCc1nn(C)cc1-4)C(=O)NC3,7.769551078621726,0,7.802365150087467
48,48,CCN1CCN(CCCOc2cc3nccc(Oc4c(F)cc(NC(=O)NN5C(=O)CSC5c5c(F)cccc5F)cc4F)c3cc2OC)CC1,6.070070439915412,0,6.027142559763387
49,49,CCN1CCN(c2cc(Nc3ncc(-c4ccc(NC(=O)Nc5cc(C6CC6)on5)cc4)s3)nc(C)n2)CC1,7.795880017344075,0,7.58680318426694
50,50,CCNC(=O)Nc1ncc(-c2cnc3cc(Cl)ccn23)s1,5.823619307756729,0,6.090118659254811
51,51,CCNC(=O)c1c[nH]c(-c2cc(Oc3cccc(C(=O)Nc4occc4C)c3)ccn2)c1,7.468521082957745,0,7.157914854594198
52,52,CCO/N=C(/c1ccc2[nH]c3c4c(c5c(c3c2c1)CNC5=O)-c1cn(C)nc1CC4)C(C)C,7.619788758288394,0,7.861412323360146
53,53,CCO/N=C(\C)c1ccc2[nH]c3c4c(c5c(c3c2c1)CNC5=O)-c1cn(C)nc1CC4,8.41195437047216,0,8.267391183606781
54,54,CCOC(=O)/C(=N/Nc1ccc(Br)cc1)S/C(N)=N\N=C1/C(=O)N(Cc2ccccc2)c2ccc(Cl)cc21,6.872895201635192,0,6.708337204765778
55,55,CCOC(=O)CN(c1cc(OC)cc(OC)c1)c1ccc2ncc(-c3cnn(C)c3)nc2c1,6.458745350213741,0,6.308924348833846
56,56,CCOC(=O)Cn1cc(CN(c2cc(OC)cc(OC)c2)c2ccc3ncc(-c4cnn(C)c4)nc3c2)nn1,6.588312966777988,0,6.75089483007491
57,57,CCOC(=O)N=S(C)(=O)c1ccc(Nc2ncc(Br)c(N[C@H](C)C(C)(C)O)n2)cc1,6.85078088734462,0,6.739636873146545
58,58,CCOC(=O)N=S(C)(=O)c1ccc(Nc2ncc(Br)c(N[C@H](C)C(C)(C)O)n2)cc1C,7.236572006437063,0,7.3319994060274345
59,59,CCOC(=O)N=S(C)(=O)c1ccc(Nc2ncc(Br)c(N[C@H](C)[C@H](C)O)n2)cc1,7.244125144327507,0,7.302810080653779
60,60,CCOC(=O)Nc1ccc(Oc2ncnc3ccccc23)cc1C,6.148130399270234,0,6.220853232529793
61,61,CCOC(=O)c1cn2ncnc(Nc3ccc(Br)c(C(=O)NOC)c3)c2c1C(C)C,6.567030709125595,0,6.912800259699012
62,62,CCOC(=O)c1cn2ncnc(Nc3ccc(C)c(C(=O)NOC)c3)c2c1C(C)C,6.91721462968355,0,7.097063113499336
63,63,CCOC(=O)c1cn2ncnc(Nc3ccc(C)c(O)c3)c2c1C(C)C,7.823908740944319,0,7.327704024824187
64,64,CCOC(=O)c1cn2ncnc(Nc3cccc(C(=O)NOC)c3)c2c1C(C)C,6.882728704344236,0,6.813335487166824
65,65,CCOC(=O)c1cn2ncnc(Oc3ccc4[nH]ccc4c3)c2c1C(C)C,6.326979092871104,0,6.709597007844311
66,66,CCOC(=O)c1nn(-c2ccc(Cl)cc2)cc1C(=O)c1c(C)[nH]c(-c2ccccc2)c1-c1ccccc1,5.541966807503494,0,5.485206437754825
67,67,CCOC(=O)c1s/c(=N\N=C2/C(=O)N(Cc3ccccc3)c3ccc(Cl)cc32)[nH]c1C,7.031517051446065,0,7.03692156409368
68,68,CCONC(=O)c1cc(Nc2ncnn3cc(C(=O)OCC)c(C(C)C)c23)c(F)cc1F,7.387216143280264,0,7.375552067006498
69,69,CCOc1cc(=O)[nH]cc1-c1ccc(CC(=O)Nc2cc(C(C)(C)C(F)(F)F)on2)c(F)c1,6.958607314841775,0,6.934000767879852
70,70,CCOc1cc(=O)[nH]cc1-c1ccc(CC(=O)Nc2cc(C(F)(F)F)cc(CN(C)C)c2F)c(F)c1,5.737240504593881,0,6.151649676746253
71,71,CCOc1cc(=O)[nH]cc1-c1ccc(CC(=O)Nc2ccc(C(C)C#N)c(C(F)(F)F)c2)c(F)c1,7.032920265855503,0,6.78809028159478
72,72,CCOc1cc(=O)[nH]cc1-c1ccc(CC(=O)Nc2ccc(CC(C)(C)CS(C)(=O)=O)c(C(F)(F)F)c2)c(F)c1,7.665546248849069,0,7.922720370512002
73,73,CCOc1cc(=O)[nH]cc1-c1ccc(CC(=O)Nc2ccc(CC(C)(C)N)c(C(F)(F)F)c2)c(F)c1,8.045757490560675,0,7.709055124770751
74,74,CCOc1cc(=O)[nH]cc1-c1ccc(CC(=O)Nc2cccc(C(F)(F)F)c2)c(F)c1,7.158015195409886,0,7.189620157383516
75,75,CCOc1cc(O)c2c(=O)cc(-c3ccccc3)oc2c1,5.0172314227489885,0,5.7252793789939505
76,76,CCOc1cc2ncnc(NC3=CC(=O)C(OCc4cccc(C)c4)=CC3=O)c2cc1NC(=O)/C=C/CN(C)C,6.466988272913703,0,6.397944115196162
77,77,CCOc1cccc2c1c(/C=C1\C(=O)NN=C1c1cnns1)cn2C,7.585026652029182,0,7.527131737687722
78,78,CCOc1nc(Nc2ccc(S(=N)(=O)CC)cc2)ncc1Br,7.045757490560675,0,6.7784820609353265
79,79,CCS(=O)(=O)c1ccc(OC)c(Nc2cn(-c3ccc(O)c(-c4ccccn4)c3)nn2)c1,5.157328366239211,0,5.777741457816181
80,80,CC[C@H]1[C@@H](COc2nccc3cc(C(N)=O)c(OC)cc23)NC(=O)[C@H]1F,5.273191317475036,0,5.3251971825267645
81,81,CCc1cc(NC(=O)Nc2ccc(-c3cnc(Nc4cc(N5CCC(N)C5)nc(C)n4)s3)cc2)no1,8.096910013008056,0,8.198257795454412
82,82,CCc1cc(NC(=O)Nc2ccc(-c3cnc(Nc4cc(N5CCN(C)CC5)nc(C)n4)s3)cc2)no1,7.958607314841775,0,7.887042735642784
83,83,CCc1ccc(Nc2ncnn3cc(C(=O)OC)c(C)c23)cc1O,7.251811972993799,0,7.307746619655065
84,84,CCn1c2ccc(/C(C)=N/OC)cc2c2c3c(c4c(c21)CCc1nn(C)cc1-4)C(=O)NC3,8.301029995663981,0,8.27695792351943
85,85,CCn1c2ccc(/C(C)=N/OCC(C)C)cc2c2c3c(c4c(c21)CCc1nn(C)cc1-4)C(=O)NC3,8.0,0,8.106882306624572
86,86,CCn1c2ccc(C3CCCCO3)cc2c2c3c(c4c(c21)CCc1nn(C)cc1-4)C(=O)NC3,8.154901959985743,0,8.11493030294387
87,87,CN(C)C(=O)COc1ccc2c(c1)Cc1c(-c3csc(C#CCOc4ccccc4)c3)n[nH]c1-2,7.662569429631094,0,7.509683291755524
88,88,CN(C)CC(=O)N(C)c1ccc2[nH]c(-c3c(N)c4ccccc4[nH]c3=O)nc2c1,7.522878745280337,0,7.324148390855205
89,89,CN(C)CC(=O)N1CCC(n2cc(-c3cnc(N)c(-n4nnc5ccccc54)n3)cn2)CC1,7.522878745280337,0,7.389899176194753
90,90,CN(C)CCCNc1ccn2ncc(-c3ccc4c(c3)OCO4)c2n1,5.045709238298873,0,5.42189221621962
91,91,CN(C)CCOc1ccc(NC(=O)c2cccc(-c3cccc(O)c3)c2)cc1Cl,7.543937775545048,0,7.804197646008579
92,92,CN(C)CCOc1ccc(NC(=O)c2cccc(-c3cccc(O)c3)c2)cc1F,8.51999305704285,0,7.952667318889695
93,93,CN(C)c1ccc(C2CC(c3c(O)c4ccccc4oc3=O)=NN2c2nc(-c3ccccc3)c(/N=N/c3ccc(Cl)cc3)s2)cc1,5.266722466067418,0,5.814566790917518
94,94,CN(C)c1ccc(C2CC(c3cc4ccccc4oc3=O)=NN2c2nc(-c3ccccc3)c(/N=N/c3ccc(Cl)cc3)s2)cc1,7.455931955649724,0,6.608351477871178
95,95,CN(C)c1ccc(Nc2nc3cc(Oc4ncnc5c4cnn5C)ccc3n2C)cc1,6.948847477552619,0,7.158119297720503
96,96,CN(C[C@@H]1COCCO1)S(=O)(=O)Nc1ccc2ccc3ncc(-c4cnn(C)c4)cc3c(=O)c2c1,7.346787486224656,0,7.215265785017468
97,97,CN(c1ccc(NS(=O)(=O)Cc2ccccc2)cc1)c1ccnc(Nc2cccc(CS(C)(=O)=O)c2)n1,6.568636235841012,0,6.524069124981926
98,98,CN(c1ccc2ncsc2c1)c1nc(O)nc(NC(C)(C)c2ccccc2)n1,5.399964803784538,0,5.449938529129556
99,99,CN1C(=O)/C(=N\c2ccc(NC(=O)Nc3ccc(S(N)(=O)=O)cc3)cc2)c2cc(Cl)ccc21,6.582295859540072,0,6.806497937429065
100,100,CN1C/C(=C\c2ccccn2)C(=O)/C(=C/c2ccccn2)C1,5.885722703438414,0,6.1316426213848505
101,101,CN1CCC(Nc2ccc(C(=O)Nc3cc(-c4cc(C#N)cs4)n[nH]3)cc2)CC1,5.201678539139238,0,5.483878134256141
102,102,CN1CCC(Nc2ccc3c(c2)/C(=C/c2cc4c([nH]2)CCN(C(=O)N2CCOCC2)C4)C(=O)N3)CC1,8.397940008672037,0,8.154751710417052
103,103,CN1CCC(Oc2ccc(-c3n[nH]c4ccc(NC(=O)C(c5ccccn5)C5CCCC5)cc34)cc2)CC1,5.823619307756729,0,6.031880325700511
104,104,CN1CCN(C(=O)c2ccc3c(c2)C(=C(c2ccccc2)c2nc4ccccc4[nH]2)C(=O)N3)CC1,5.743522793758324,0,6.23409804915213
105,105,CN1CCN(C2CCN(C(=O)Nc3cc(Oc4ccc(NC(=O)C5(C(=O)Nc6ccc(F)cc6)CC5)c(F)c4)ccn3)CC2)CC1,7.769551078621726,0,7.925295761825004
106,106,CN1CCN(CCCn2ccc(-c3cnc4c(-c5ccsc5)cnn4c3)cc2=O)CC1,8.096910013008056,0,7.7700292897136425
107,107,CN1CCN(Cc2ccc(C(=O)Nc3cc(-c4ccc(CNC(=O)Nc5cc(C(C)(C)C)on5)cc4)n[nH]3)cc2)CC1,7.721246399047171,0,7.519410373816783
108,108,CN1CCN(Cc2ccc(C(=O)Nc3cc(-c4ccc(CNC(=O)Nc5ccccc5)cc4)n[nH]3)cc2)CC1,7.080921907623926,0,7.114544781821323
109,109,CN1CCN(Cc2ccc3[nH]c(-c4[nH]nc5ccccc45)nc3c2)CC1,6.583359492661719,0,6.578722455791722
110,110,CN1CCN(c2cc(Nc3ncc(C#N)s3)ncn2)CC1,7.789198036565084,0,7.4104377529546
111,111,CN1CCN(c2ccc(C(=O)Nc3cc(-c4ccc(CNC(=O)OCc5ccccc5)cc4)n[nH]3)cc2)CC1,6.995678626217357,0,6.836138540433773
112,112,CN1CCN(c2ccc(C(=O)Nc3cc(-c4ccc(CNC(=O)Oc5ccccc5)cc4)n[nH]3)cc2)CC1,7.031517051446065,0,6.8951214812127875
113,113,CN=S(C)(=O)c1ccc(Nc2ncc(Br)c(N[C@H](C)[C@H](C)O)n2)cc1,7.42021640338319,0,7.342870341525748
114,114,CNC(=O)C(C)(C)n1cc(-c2cnc3ccc(N(CC4CC4)c4cc(OC)cc(OC)c4)cc3n2)cn1,6.458745350213741,0,6.418602294742658
115,115,CNC(=O)c1cc(Oc2ccc3oc(Nc4ccc(Cl)cc4)nc3c2)ccn1,6.115204636051019,0,6.140896757637976
116,116,CNC(=O)c1ccc(Nc2ncc(C(F)(F)F)c(NCc3ccccc3Cl)n2)cc1,6.830325565941193,0,6.634394775143772
117,117,CNC(=O)c1ccc(Nc2ncc(C(F)(F)F)c(Nc3ccccc3OC)n2)cc1,6.533428927613645,0,6.544334034886953
118,118,CNC(=O)c1ccc(Sc2cccc(NC(=S)Nc3ccc(F)c(F)c3)c2)nc1,5.412850501745656,0,5.851355287600141
119,119,CNC(=O)c1ccccc1Sc1ccc2c(CCc3ccccn3)n[nH]c2c1,8.920818753952375,0,8.37496889788259
120,120,CNCCN(c1cc(OC)cc(OC)c1)c1ccc2ncc(-c3cnn(CCO)c3)nc2c1,7.124186611160242,0,7.029916566712283
121,121,CNc1ncc2c(-c3ccc(N4CCN(C)CC4)nc3)nn(Cc3cn(Cc4ccccc4)nn3)c2n1,5.119129267467576,0,5.444230685749823
122,122,CNc1nccc(-c2cccnc2Oc2ccc(F)c(C(=O)Nc3cc(C(F)(F)F)ccc3N(C)CCCN(C)C)c2)n1,7.327902142064282,0,7.1294498533775625
123,123,CO/N=C/c1c(N)ncnc1Oc1ccc2[nH]cc(C)c2c1,5.983384452442823,0,6.253630209036422
124,124,CO/N=C/c1c(N)ncnc1Oc1ccc2cccnc2c1,5.798876102792621,0,6.142355692575325
125,125,CO/N=C/c1c(N)ncnc1Oc1ccc2ncccc2c1,6.154281982033341,0,6.296173196022254
126,126,CO/N=C/c1ccc2[nH]c3c4c(c5c(c3c2c1)CNC5=O)-c1cn(C)nc1CC4,7.721246399047171,0,7.424403375426487
127,127,COC(=O)CC=S(C)(=O)NC(=O)c1c[nH]c(-c2cc(Oc3ccc(NC(=O)Nc4cccc(C)c4)cc3)ccn2)c1,7.585026652029182,0,7.8316339905665915
128,128,COC(=O)NC12CCC(n3cc(-c4cc(N)c(Cl)cc4F)c4c(N)ncnc43)(CC1)CC2,6.096367483915762,0,6.134858120362527
129,129,COC(=O)Nc1ccc(-c2c(OC3CCN(C)CC3)nc3c(-c4ccc(OC)c(OC)c4)cnn3c2N)cc1,7.568636235841012,0,7.608292616340802
130,130,COC(=O)Nc1cn2cc(Oc3ccc(NC(=O)Nc4cc(C(F)(F)F)ccc4F)cc3)ccc2n1,8.356547323513812,0,7.835981506641988
131,131,COC(=O)[C@H](CCC(=O)OC(C)(C)C)NC(=O)c1c[nH]c(-c2cc(Oc3ccc(NC(=O)Nc4cccc(C)c4)c(F)c3)ccn2)c1,7.537602002101044,0,7.597029627828706
132,132,COC(=O)[C@]1(O)C[C@H]2O[C@]1(C)n1c3ccccc3c3c4c(c5c6ccccc6n2c5c31)C(=O)NC4,7.698970004336019,0,7.595635502671755
133,133,COC(=O)c1c[nH]c(-c2cc(Oc3cccc(C(=O)Nc4cc(C)ccc4F)c3)ccn2)c1,7.537602002101044,0,7.4824788381423835
134,134,COC(=O)c1c[nH]c(-c2cc(Oc3cccc(NC(=O)c4sccc4C)c3)ccn2)c1,7.173925197299173,0,7.411497766558319
135,135,COC(=O)c1cccc2c1c(/C=C1\C(=O)NN=C1c1cnns1)cn2C,7.638272163982407,0,7.889330532091469
136,136,COC(=O)c1cn2ncnc(Nc3ccc(Br)c(O)c3)c2c1C,7.468521082957745,0,7.059567175133104
137,137,COC(=O)c1cn2ncnc(Nc3ccc(C)c(O)c3)c2c1C(C)(C)C,6.507239610973162,0,6.796990112325256
138,138,COC(=O)c1cn2ncnc(Nc3cccc(O)c3)c2c1C,7.207608310501746,0,7.3052139970113705
139,139,COC(=O)c1cn2ncnc(Nc3cnc4[nH]ccc4c3)c2c1C,6.913640169325252,0,6.980051189046147
140,140,COC(=O)c1cn2ncnc(Nc3cnc4[nH]ccc4c3)c2c1C(C)C,7.744727494896693,0,7.336604489159145
141,141,COC1CCN(c2nccc(Nc3cc4c(cn3)cc(-c3cn[nH]c3)n4C(C)C)n2)CC1,7.886056647693163,0,7.704151144731329
142,142,COCC/C(=N\S(=O)(=O)Cc1ccc(Cl)cc1)Nc1ccc(Oc2ccnc3cc(OCCCN4CCOCC4)c(OC)cc23)c(F)c1,6.17134010346468,0,6.23480910727316
143,143,COCCCNC(=O)c1cn2ncnc(Nc3ccc(C)c(O)c3)c2c1C,6.821023052706831,0,6.658830355321918
144,144,COCCCc1cc(Nc2ccnc(NCc3cc(C(N)=O)no3)n2)n[nH]1,5.899653583023886,0,5.854922533305845
145,145,COCCCc1cc(Nc2ccnc(NCc3cc(C4CC4)no3)n2)n[nH]1,5.799726939370091,0,5.9942370565030325
146,146,COCCN1CCN(c2cc(Nc3ncc(C#N)s3)ncn2)CC1,7.8191360819912035,0,7.484271088342583
147,147,COCCNC(=O)C(C)(C)n1cc(-c2cnc3ccc(N(CC4CC4)c4cc(OC)cc(OC)c4)cc3n2)cn1,6.488664864089939,0,6.526438950066127
148,148,COCCNC(=O)Cn1cc(-c2cnc3ccc(N(CC4CC4)c4cc(OC)cc(OC)c4)cc3n2)cn1,6.349032307188266,0,6.675698602452674
149,149,COCCOc1cc2ncnc(Oc3ccc(Nc4nccc5[nH]cc(-c6ccc(F)cc6)c(=O)c45)cc3F)c2cc1OCCOC,7.095825631715837,0,7.008469292594191
150,150,COCCOc1ccc2c(Nc3cc(O)c(Cl)cc3F)ncnc2c1,6.821023052706831,0,6.61111143825201
151,151,COCCOc1ccc2c(c1)Cc1c(-c3csc(C#CCOc4ccccc4)c3)n[nH]c1-2,7.209366597363164,0,7.1847810467051
152,152,COCCOc1ccn2c(-c3ccc4cccc(OCC5(F)CCNCC5)c4n3)cnc2c1,7.2839966563652,0,7.200046095135803
153,153,COCCOc1ccn2c(-c3ccc4cccc(OCc5cnc[nH]5)c4n3)cnc2c1,6.665546248849069,0,6.769415103206023
154,154,COCCOc1ccn2c(-c3ccc4cccc(O[C@H]5CCCNC5)c4n3)cnc2c1,6.987162775294828,0,6.9787821745577014
155,155,COCCn1cc(-c2cnc3ccc(N(CC4CC4)c4cc(OC)cc(OC)c4)cc3n2)cn1,6.6679657229724825,0,6.468838667480246
156,156,COCCn1ccc2ncnc(Oc3ccc(NC(=O)Nc4cccc(C(F)(F)F)c4)c(Cl)c3)c21,8.0,0,7.952649856597781
157,157,COC[C@@H](C)Oc1nc(Nc2ccc(S(C)(=O)=O)cc2)ncc1C(F)(F)F,6.396855627379818,0,6.355405862531101
158,158,COCc1cc2ncnc(Oc3ccc(NC(=O)Nc4cccc(C(F)(F)F)c4)c(Cl)c3)c2n1C,7.823908740944319,0,7.866286786824064
159,159,CONC(=O)c1cc(Nc2ncnn3cc(-c4nnc(C)o4)c(C(C)C)c23)c(F)cc1F,7.721246399047171,0,7.552031162522688
160,160,CONC(=O)c1cc(Nc2ncnn3cc(-c4nnc(CC(F)(F)F)o4)c(C(C)C)c23)c(F)cc1F,7.522878745280337,0,7.528595894979058
161,161,CONC(=O)c1cc(Nc2ncnn3cc(-c4nnc(CC5CC5)o4)c(C(C)C)c23)c(F)cc1F,7.744727494896693,0,7.727538453784131
162,162,CONC(=O)c1cc(Nc2ncnn3cc(-c4nnc(CS(C)(=O)=O)o4)c(C(C)C)c23)c(F)cc1F,7.769551078621726,0,7.501207371868742
163,163,CONC(=O)c1cc(Nc2ncnn3cc(-c4noc(C)n4)c(C(C)C)c23)c(F)cc1F,6.954677021213342,0,7.309095883719788
164,164,CONC(=O)c1cccc(CSc2cnc(Nc3ccccn3)s2)c1,7.1249387366083,0,7.09535398462271
165,165,CO[C@@H](C(=O)N1Cc2n[nH]c(NC(=O)c3ccc(N4CCN(C)CC4)cc3)c2C1)c1ccccc1,6.363512103646634,0,6.333404480350027
166,166,CO[C@@H]1CN(Cc2cn(-c3ccnc(Nc4ccc5c(c4)c(Cl)c(C)n5C)n3)nc2C)C[C@@H]1O,6.135488918941608,0,6.0990846308967175
167,167,CO[C@@H]1[C@H](N(C)C(=O)c2ccccc2)C[C@H]2O[C@]1(C)n1c3ccccc3c3c4c(c5c6ccccc6n2c5c31)C(=O)NC4,6.600326278518962,0,6.792271607841939
168,168,COc1cc(-c2nc(-c3c[nH]c4ccc(O)cc34)c[nH]c2=O)cc(OC)c1OC,5.999565922520681,0,6.351564450776434
169,169,COc1cc(-c2nn([C@H]3CC[C@H](N4CCN(C)CC4)CC3)c3ncnc(N)c23)ccc1NC(=O)Nc1ccccc1,6.578396073130168,0,6.600226683452494
170,170,COc1cc(C(=O)N2CCCC2)cc(N(CC2CC2)c2ccc3ncc(-c4cnn(C)c4)nc3c2)c1,6.199310409580018,0,5.678726690754264
171,171,COc1cc(C(=O)N2CCCC2)cc(N(CCCN2CCCC2)c2ccc3ncc(-c4cnn(C)c4)nc3c2)c1,5.78953542006293,0,6.142267012146198
172,172,COc1cc(C2=C(c3c[nH]c4ccccc34)CNC2=O)cc(OC)c1OC,7.494850021680094,0,6.689749806970652
173,173,COc1cc(C2=C(c3cc[nH]c3)C(=O)NC2=O)cc(OC)c1OC,5.601886308269497,0,6.116692445439257
174,174,COc1cc(C2=C(c3cn(C)c4ccccc34)C(=O)NC2=O)cc(OC)c1OC,6.221125527997261,0,6.368218811560595
175,175,COc1cc(C2=C(c3cn(CC4COC(C)(C)O4)c4ccccc34)CNC2=O)cc(OC)c1OC,5.0968557295904615,0,5.433428702292436
176,176,COc1cc(C2=C(c3cn(CCOC(=O)C(N)CC(C)C)c4ccccc34)C(=O)NC2=O)cc(OC)c1OC,6.598599459218455,0,6.095627529749155
177,177,COc1cc(C2=C(c3cn(COc4ccccc4)c4ccccc34)CNC2=O)cc(OC)c1OC,5.823619307756729,0,6.025076073793096
178,178,COc1cc(C2OCCO2)cc(N(CC2CC2)c2ccc3ncc(-c4cnn(C)c4)nc3c2)c1,6.1294146888268575,0,6.134817373497424
179,179,COc1cc(CC(=O)Nc2ccc3[nH]c(-c4ccc(Cl)cc4)nc3c2)cc(OC)c1OC,6.37706103078851,0,6.511598446448841
180,180,COc1cc(CC(=O)Nc2ccc3oc(-c4ccc(Cl)cc4)nc3c2)cc(OC)c1OC,6.585360853262991,0,6.402909057317695
181,181,COc1cc(CCc2cc(NC(=O)c3ccc(N4C[C@H](C)N[C@H](C)C4)cc3)n[nH]2)cc(OC)c1,7.515700160653214,0,7.131025769322929
182,182,COc1cc(CCc2cc(Nc3ncnc4cc(N5CCN6CCCCC6C5)ccc34)n[nH]2)cc(OC)c1,7.647817481888637,0,7.442520219319458
183,183,COc1cc(Cl)cc(N(CC2CC2)c2ccc3ncc(-c4cnn(C)c4)nc3c2)c1,6.139398501553577,0,6.101282457007726
184,184,COc1cc(F)cc(N(CC2CC2)c2ccc3ncc(-c4cnn(C)c4)nc3c2)c1,5.849691897444371,0,6.136562021885772
185,185,COc1cc(F)cc(N(CCCNCC(F)(F)F)c2ccc3ncc(-c4cnn(C)c4)nc3c2)c1,6.568395028124785,0,6.628193822966642
186,186,COc1cc(N(CC2CC2)c2ccc3ncc(-c4cnn(C)c4)nc3c2)cc(C(F)(F)F)c1,5.299913557907336,0,6.032549641230747
187,187,COc1cc(NC(=O)Nc2ccncc2)cc(-c2cncnc2)c1OC,6.307241181845276,0,6.162924698899072
188,188,COc1cc(Nc2ncc(Br)c(N[C@H](C)[C@@H](C)O)n2)ccc1S(C)(=N)=O,7.494850021680094,0,7.5529513338103325
189,189,COc1cc(Nc2ncc(C#N)c(-c3ccccc3)n2)ccc1CN1CCCC1,7.036212172654444,0,6.800959534023993
190,190,COc1cc(Nc2ncc3c(n2)-c2ccc(Cl)cc2SC3)cc(OC)c1OC,5.7956086680807,0,5.767076173330981
191,191,COc1cc(O)c2c(c1)-c1cccc(c1)[C@@H](O)[C@H](O)C(=O)C/C=C/[C@H](C)OC2=O,7.823908740944319,0,7.35581062801205
192,192,COc1cc(OC)cc(-c2ccc3c(NC(=O)c4ccc(N5CCN(C)CC5)cc4)n[nH]c3n2)c1,6.260111344915456,0,6.286134622632998
193,193,COc1cc(OC)cc(N(C/C=C\c2ncccc2OC)c2ccc3ncc(-c4cnn(C)c4)nc3c2)c1,5.70462917541991,0,6.036828383406999
194,194,COc1cc(OC)cc(N(CC#CC2(O)CCOC2)c2ccc3ncc(-c4cnn(C)c4)nc3c2)c1,6.019546650576968,0,5.939601974679871
195,195,COc1cc(OC)cc(N(CC#CC2(O)CCOCC2)c2ccc3ncc(-c4cnn(C)c4)nc3c2)c1,6.059503437289592,0,5.939601974679871
196,196,COc1cc(OC)cc(N(CC#Cc2cc(N)nc(C)n2)c2ccc3ncc(-c4cnn(C)c4)nc3c2)c1,5.759750368481201,0,6.015385086748086
197,197,COc1cc(OC)cc(N(CC#Cc2cc(OC)ccn2)c2ccc3ncc(-c4cnn(C)c4)nc3c2)c1,5.299913557907336,0,5.537188687223924
198,198,COc1cc(OC)cc(N(CC#Cc2cccnc2)c2ccc3ncc(-c4cnn(C)c4)nc3c2)c1,6.059503437289592,0,5.941696280542187
199,199,COc1cc(OC)cc(N(CC#Cc2ncccc2F)c2ccc3ncc(-c4cnn(C)c4)nc3c2)c1,5.02995360696324,0,5.4520582649705815
200,200,COc1cc(OC)cc(N(CC#Cc2ncccc2OC)c2ccc3ncc(-c4cnn(C(C)C)c4)nc3c2)c1,6.538501473216981,0,6.315217888157445
201,201,COc1cc(OC)cc(N(CC#Cc2nccnc2OC)c2ccc3ncc(-c4cnn(C)c4)nc3c2)c1,6.0994526355672,0,5.967177210028032
202,202,COc1cc(OC)cc(N(CC(=O)N2CCCC2)c2ccc3ncc(-c4cnn(C)c4)nc3c2)c1,5.719772302355438,0,6.2133807560116665
203,203,COc1cc(OC)cc(N(CC(=O)NC(C)C)c2ccc3ncc(-c4cnn(C)c4)nc3c2)c1,6.388935535200029,0,6.298233273093181
204,204,COc1cc(OC)cc(N(CC(=O)NCCO)c2ccc3ncc(-c4cnn(C)c4)nc3c2)c1,6.309113143717276,0,6.44104843996753
205,205,COc1cc(OC)cc(N(CC(N)=O)c2ccc3ncc(-c4cnn(C)c4)nc3c2)c1,6.049513443372302,0,6.288871087800884
206,206,COc1cc(OC)cc(N(CC2CC2)c2ccc3ncc(-c4cnn(C5CCN(S(C)(=O)=O)CC5)c4)nc3c2)c1,6.588312966777988,0,6.717585817507208
207,207,COc1cc(OC)cc(N(CC2OCCO2)c2ccc3ncc(-c4cnn(C)c4)nc3c2)c1,6.618199257495297,0,6.281009935335546
208,208,COc1cc(OC)cc(N(CCCN2CCC(O)C2)c2ccc3ncc(-c4cnn(C)c4)nc3c2)c1,8.003794893821675,0,7.550348019671196
209,209,COc1cc(OC)cc(N(CCCNCC(F)(F)F)c2ccc3ncc(-c4cnn(C)c4)nc3c2)c1,6.658011830951812,0,6.580162136085805
210,210,COc1cc(OC)cc(N(CCCNCCC#N)c2ccc3ncc(-c4cnn(C)c4)nc3c2)c1,7.659754238432068,0,7.171889008471491
211,211,COc1cc(OC)cc(N(CCNC(C)C)c2ccc3ncc(-c4cnn(C)c4)c(=O)n3c2)c1,7.812479279163536,0,7.595805029293538
212,212,COc1cc(OC)cc(N(CCNCC(N)=O)c2ccc3ncc(-c4cnn(C)c4)nc3c2)c1,5.979584848286232,0,6.491438489522213
213,213,COc1cc(OC)cc(N(CCNCCC(F)(F)F)c2ccc3ncc(-c4cnn(C)c4)nc3c2)c1,6.97588392717323,0,6.651634790054393
214,214,COc1cc(OC)cc(N(CCn2cnnc2)c2ccc3ncc(-c4cnn(C)c4)nc3c2)c1,6.289155187443038,0,6.569472079398273
215,215,COc1cc(OC)cc(N(C[C@@H]2C[C@H]2c2ccccn2)c2ccc3ncc(-c4cnn(C)c4)nc3c2)c1,6.468725504934644,0,6.0915437548570175
216,216,COc1cc(OC)cc(N(Cc2cc(C)n(C)n2)c2ccc3ncc(-c4cnn(C)c4)nc3c2)c1,6.608235934915559,0,6.422926734749762
217,217,COc1cc(OC)cc(N(Cc2cc(C)on2)c2ccc3ncc(-c4cnn(C)c4)nc3c2)c1,7.271808601410053,0,6.380840522376615
218,218,COc1cc(OC)cc(N(Cc2cc3ncccc3n2C)c2ccc3ncc(-c4cnn(C)c4)nc3c2)c1,6.608235934915559,0,6.155953289024502
219,219,COc1cc(OC)cc(N(Cc2cccc(Br)n2)c2ccc3ncc(-c4cnn(C)c4)nc3c2)c1,6.568395028124785,0,6.519363238270238
220,220,COc1cc(OC)cc(N(Cc2cccc(Cl)c2)c2ccc3ncc(-c4cnn(C)c4)nc3c2)c1,6.139398501553577,0,6.4414441687575605
221,221,COc1cc(OC)cc(N(Cc2cccc(OC)n2)c2ccc3ncc(-c4cnn(C)c4)nc3c2)c1,6.368982617057215,0,6.709552157333837
222,222,COc1cc(OC)cc(N(Cc2ccccc2)c2ccc3ncc(-c4cnn(C)c4)nc3c2)c1,6.159373315343518,0,6.319797403897038
223,223,COc1cc(OC)cc(N(Cc2csc(C)n2)c2ccc3ncc(-c4cn[nH]c4)nc3c2)c1,6.856860240895409,0,6.744888569081562
224,224,COc1cc(OC)cc(N(c2ccc3ncc(-c4cnn(C)c4)nc3c2)[C@@H](C)CN)c1,6.568395028124785,0,6.3636681450282575
225,225,COc1cc(OC2CCN(C)CC2)c2c(Nc3cccc4c3OCCO4)ncnc2c1,6.300162274132754,0,6.344962287065597
226,226,COc1cc2c(Nc3ccc(Cl)cc3F)ncnc2cc1OCCOCCNC(=O)C(CCCCNC(=O)CCCCC1SCC2NC(=O)NC21)NC(=O)c1c(F)c(F)c(N=[N+]=[N-])c(F)c1F,5.148680487351255,0,5.334638128587966
227,227,COc1cc2c(Oc3ccc(CC(=O)N/N=C/c4ccc(C(F)(F)F)cc4)cc3F)ccnc2cc1OCCCN1CCCC1,6.251037138743839,0,6.289535665173411
228,228,COc1cc2c(Oc3ccc(Nc4ccc(C(C)(C)C)cc4)cc3)ccnc2cc1OCCNCCO,7.075720713938118,0,6.985995375379328
229,229,COc1cc2ncnc(Oc3ccc(NC(=O)NC4(C#N)CCCC4)c4ccccc34)c2cc1OC,8.013228265733755,0,7.6971688395292315
230,230,COc1cc2ncnc(Oc3ccc(Nc4nccc5[nH]cc(-c6ccc(F)cc6)c(=O)c45)cc3)c2cc1OC,6.949620243738542,0,6.919811807920411
231,231,COc1ccc(-c2cc3cc(OC)ccc3nc2Nc2ccc(NC(=O)CN3CCCC3)cc2)cc1,6.8794260687941495,0,7.115068362632346
232,232,COc1ccc(-c2cc3cc(OC)ccc3nc2Nc2ccc(NC(=O)CN3CCN(C)CC3)cc2)cc1,7.060480747381382,0,7.075238864303771
233,233,COc1ccc(-c2cc3ccc(OC)cc3nc2Nc2ccc(NC(=O)CN3CCCCC3)cc2)cc1,7.096910013008056,0,7.089928089404054
234,234,COc1ccc(-c2ccc(Cn3cc(-c4ccc(NC(=O)C5CC5)cc4)nn3)cc2)cn1,8.818156412055227,0,8.64757033121778
235,235,COc1ccc(-c2nc(Nc3ccc(CCO)cc3)ncc2C#N)cc1,6.821023052706831,0,6.793182220976844
236,236,COc1ccc(-c2oc3ncnc(N)c3c2-c2ccc(NC(N)=O)cc2)cc1,7.229147988357855,0,6.944377074250271
237,237,COc1ccc(-n2cc(NC(=O)c3ccc(NS(=O)(=O)c4ccc(Cl)cc4)cc3)cn2)cc1,5.145026326273583,0,5.177933911510231
238,238,COc1ccc(/C=C/C(=O)Nc2cc3c(Nc4ccc(F)c(Cl)c4)ncnc3cc2O[C@H]2CCOC2)c(OC)c1OC,6.319664486585436,0,6.208188343201533
239,239,COc1ccc(C(=O)CSc2nccc(Nc3ccc(C(C)=O)cc3)n2)cc1,6.308918507877031,0,6.215065290524158
240,240,COc1ccc(C(=O)CSc2nccc(Nc3ccc(N4CCOCC4)cc3)n2)cc1,6.536107011014092,0,6.612193764552085
241,241,COc1ccc(CNC(=O)c2cc3c(-c4ccccc4)[nH]nc3s2)cc1,6.291579099865287,0,6.360690060458601
242,242,COc1ccc(CNc2ccc3ncc(-c4cnn(C)c4)nc3c2)c(OC)c1,5.259558355050234,0,5.480974541676516
243,243,COc1ccc(Cc2nnc(Nc3ccc(Cl)cc3)c3ccccc23)cc1,5.412176828681044,0,5.886775118461808
244,244,COc1ccc(Cc2nnc(Nc3cccc(OC)c3)c3ccccc23)cc1,6.122053048370812,0,5.871739529353106
245,245,COc1ccc(N(C)c2nc(C)nc3oc(C)cc23)cc1,7.696803942579511,0,7.783061706945385
246,246,COc1ccc(N(C)c2nc(C)nc3oc(C)cc23)cc1OC,7.707743928643524,0,7.70466198444186
247,247,COc1ccc(N(C)c2nc(N)nc3c(Cc4ccccc4)c[nH]c23)cc1,7.548213564475709,0,7.24731924264105
248,248,COc1ccc(N2Cc3cnc(Nc4ccccc4)nc3N([C@H]3CC[C@H](O)C3)C2=O)cc1,7.795880017344075,0,7.612169969589613
249,249,COc1ccc(NC(=O)Nc2ccc(C(=O)N/N=C3\C(=O)Nc4ccc(Br)cc43)cc2)cc1,5.90622821850127,0,5.727485560877831
250,250,COc1ccc(NC(=O)Nc2ccc3c(c2)c2c4c(c5c(c2n3CC(C)C)CCc2nn(C)cc2-5)C(=O)NC4)cc1,7.721246399047171,0,7.612493571890464
251,251,COc1ccc(NC(=O)Nc2nc(Sc3c[nH]c4ccccc34)cc(N3CCN(c4ccccn4)CC3)n2)cc1,5.381847266621481,0,5.561785711859835
252,252,COc1ccc(Nc2nc3cnc(Nc4ccc(N5CCN(C)CC5)cc4)nc3n2C(C)C)cc1,7.657577319177793,0,7.518951534075432
253,253,COc1ccc(Nc2ncc(C#N)c(-c3ccccc3)n2)cc1,6.308918507877031,0,6.473783889775811
254,254,COc1ccc(Nc2ncc3c(n2)-c2ccc(Cl)cc2SC3)cc1OC,6.13608262304214,0,6.176834344805885
255,255,COc1ccc(Nc2ncc3c(n2)-c2ccccc2SC3)cc1,5.568475415812549,0,6.162624166503904
256,256,COc1ccc(Nc2ncc3c(n2)-c2cccnc2SC3)cc1,6.283162276700475,0,6.116767439370483
257,257,COc1ccc(OC)c(Cc2cc3c(Nc4ccc(Cl)cc4F)nc(N)nc3[nH]2)c1,6.995678626217357,0,6.82642033920692
258,258,COc1ccc(OC)c(N(CCNC(C)C)c2ccc3ncc(-c4cn[nH]c4)nc3c2)c1,5.659801856700662,0,5.849748101430171
259,259,COc1ccc(OC)c(N(CCNC(C)C)c2ccc3ncc(-c4cnn(C)c4)nc3c2)c1,5.769745277214204,0,5.638756015435801
260,260,COc1ccc(OC)c2c1c(/C=C1\C(=O)NN=C1c1cnns1)cn2C,7.958607314841775,0,7.78151078443475
261,261,COc1ccc(S(=O)(=O)Nc2cccc(CNc3ncnc4c3cnn4CCc3ccccc3)c2)cc1,5.412176828681044,0,5.459248666457283
262,262,COc1ccc2c(Oc3ccc(NC(=O)c4c(C)n(CC(C)(C)O)n(-c5ccccc5)c4=O)nc3)ccnc2c1,6.1605219526258015,0,6.301502675362177
263,263,COc1ccc2c(Oc3ccc(NC(=O)c4c(C)n(CC(C)C)n(-c5ccccc5)c4=O)cc3F)ccnc2c1,6.481486060122112,0,6.251162859879853
264,264,COc1ccc2c(c(/C=C3\C(=O)NN=C3c3snnc3C)cn2C)c1Br,7.619788758288394,0,7.3984305553313465
265,265,COc1ccc2c(c1)/C(=N/NC(=O)c1ccc(NC(=O)c3ccc(Cl)cc3)cc1)C(=O)N2,6.336299074610352,0,6.085655208559762
266,266,COc1ccc2c(c1)C(=O)c1c-2n(-c2ccc(OCCN(C)C)cc2)c(=O)c2cc(OC)ccc12,5.408824049688208,0,5.720370635388266
267,267,COc1ccc2c(c1)CCCN2c1nc(C)nc2oc(C)cc12,7.465973893943865,0,7.649889746741139
268,268,COc1ccc2c(c1)CCCN2c1ncnc2ccccc12,6.9503943874050265,0,6.998025563398279
269,269,COc1ccc2c(c1)c(/C=C1\C(=O)NN=C1c1cnns1)cn2C,7.537602002101044,0,7.263562576909056
270,270,COc1ccc2nccc(Nc3cc(O)ccc3C)c2c1,5.522734004575147,0,5.338037745645699
271,271,COc1cccc(-c2cc(-c3c(O)c4ccccc4oc3=O)nc(N)c2C#N)c1,7.366531544420413,0,7.063701078181885
272,272,COc1cccc(-n2cc(NC(=O)c3cccc(NS(=O)(=O)c4ccc(Cl)cc4)c3)cn2)c1,5.22395292881822,0,5.28072204735562
273,273,COc1cccc(C#CCN(c2cc(OC)cc(OC)c2)c2ccc3ncc(-c4cnn(C)c4)nc3c2)c1,5.039952306678055,0,5.414905949544737
274,274,COc1cccc(Nc2ncc(C#N)c(-c3ccccc3)n2)c1,6.41907502432438,0,6.217318681739802
275,275,COc1cccc2c1c(/C=C1\C(=O)NN=C1c1cnccn1)cn2C,7.568636235841012,0,7.553180401984406
276,276,COc1ccnc(Nc2ccc3c(c2)c2c4c(c5c(c2n3CC(C)C)CCc2nn(C)cc2-5)C(=O)NC4)n1,7.481486060122112,0,7.418290500333023
277,277,CSc1ncc2c(n1)Nc1n[nH]c(C)c1N=C2c1ccc(C(F)(F)F)cc1,6.677160727313678,0,6.84122642133088
278,278,CSc1ncc2c(n1)Nc1n[nH]c(C)c1N=C2c1cccc(F)c1,6.4808285361783415,0,6.540492454574357
279,279,CSc1ncc2c(n1)Nc1n[nH]c(C)c1N=C2c1ccccc1C(F)(F)F,6.685711339052503,0,6.585572123494828
280,280,CSc1ncc2c(n1)Nc1n[nH]c(C)c1N=C2c1ccccc1Cl,7.072116589669293,0,6.833987495312827
281,281,C[C@@H](Nc1nc(Nc2ccc(S(=N)(=O)CCO)cc2)ncc1Br)C(C)(C)O,7.154901959985743,0,7.1272734683660985
282,282,C[C@@H](Nc1nc(Nc2ccc(S(=O)(CC=O)=NS(=O)(=O)CC[Si](C)(C)C)cc2)ncc1Br)C(C)(C)O,6.79317412396815,0,6.978348079999811
283,283,C[C@@H](Nc1ncnc2[nH]c(-c3ccc(C(=O)NCCNCCCCCC(=O)NO)cc3)cc12)c1ccccc1,6.995678626217357,0,6.789522276758032
284,284,C[C@@H](Nc1ncnc2[nH]c(-c3ccc(C(=O)NCCNCCCCCCC(=O)NO)cc3)cc12)c1ccccc1,6.995678626217357,0,6.789522276758032
285,285,C[C@@H](Nc1ncnc2[nH]c(-c3ccc(CN4CCN(CCCCCCC(=O)NO)CC4)cc3)cc12)c1ccccc1,6.995678626217357,0,6.982739971441339
286,286,C[C@@H](Nc1ncnc2[nH]c(-c3ccc(CNCCC(=O)NO)cc3)cc12)c1ccccc1,6.995678626217357,0,6.844010764604824
287,287,C[C@@H](Nc1ncnc2[nH]c(-c3ccc(CNCCCCCCCC(=O)NO)cc3)cc12)c1ccccc1,6.995678626217357,0,6.888608033284649
288,288,C[C@@H](Nc1ncnc2[nH]c(-c3ccc(NC(=O)CCC(=O)NO)cc3)cc12)c1ccccc1,6.995678626217357,0,6.883264593884679
289,289,C[C@@H](Nc1ncnc2[nH]c(-c3ccc(NCc4ccc(C(=O)NO)cc4)cc3)cc12)c1ccccc1,5.999565922520681,0,6.257483166601322
290,290,C[C@@H](Nc1ncnc2[nH]c(-c3ccc(OCCCCCCC(=O)NO)cc3)cc12)c1ccc(F)cc1,5.999565922520681,0,6.40657185002366
291,291,C[C@@H](O)[C@@H](C)Nc1nc(Nc2ccc([S+](N)[O-])cc2)ncc1Br,7.221848749616356,0,7.33507867554736
292,292,C[C@@H](O)[C@@H](C)Oc1nc(Nc2ccc(S(=O)(=O)C3CCCC3)cc2)ncc1C(F)(F)F,6.636388020107855,0,6.707917886890607
293,293,C[C@@H](O)[C@@H](C)Oc1nc(Nc2ccc(S(=O)(=O)c3ccccc3)cc2)ncc1C(F)(F)F,6.454692883534176,0,6.509983776089693
294,294,C[C@@H](Oc1nc(Nc2ccc(S(=O)(=O)C3CC3)cc2)ncc1C(F)(F)F)C(C)(C)O,6.742321425130816,0,6.719694320639964
295,295,C[C@@H]1CN(C(=O)CCCC(=O)N2C[C@@H](C)c3c2cc(O)c2ccccc32)c2cc(O)c3ccccc3c21,6.480172006224281,0,6.694923901717501
296,296,C[C@H](CO)Nc1nc(Nc2ccc([S+](N)[O-])cc2)ncc1Br,7.455931955649724,0,7.242384452871861
297,297,C[C@H](Nc1nc(Nc2ccc(S(=N)(=O)CCO)cc2)ncc1Br)C(C)(C)O,7.221848749616356,0,7.1272734683660985
298,298,C[C@H](Nc1nc(Nc2ccc(S(C)(=N)=O)cc2)ncc1Br)C(C)(C)O,7.187086643357144,0,7.0097560270409485
299,299,C[C@]12O[C@H](C[C@@]1(C)O)n1c3ccccc3c3c4c(c5c6ccccc6n2c5c31)CNC4=O,7.113509274827518,0,7.128632297758274
300,300,Cc1[nH]c(-c2ccccc2)c(-c2ccccc2)c1-c1ccc(NC(=O)c2ccccc2)c(=O)o1,5.6106566887479215,0,5.593024991729474
301,301,Cc1[nH]c(-c2ccccc2)c(-c2ccccc2)c1-c1nnc(C)c2nn(-c3ccccc3)cc12,5.462055040708513,0,5.612544077095594
302,302,Cc1c(C(=O)c2coc3c2cc(O)c2ccccc23)[nH]c(-c2ccccc2)c1-c1ccccc1,5.340939927759061,0,5.155282186030002
303,303,Cc1c(NC(=O)CCN2CCCC2)c[nH]c1/C=C1\C(=O)Nc2ccc(F)cc21,6.860435733824151,0,7.140962557934544
304,304,Cc1c(O)c(O)c(O)c2c1COC2=O,5.224680878170522,0,5.785353415504868
305,305,Cc1cc(=O)oc2cc(OCC(=O)NNCc3ccccc3)ccc12,6.442492798094342,0,6.119626278251938
306,306,Cc1cc(COC(=O)NCc2ccc(-c3cc(NC(=O)c4ccc(N5CCN(C)CC5)cc4)[nH]n3)cc2)no1,6.430626090384954,0,6.451114656617941
307,307,Cc1cc(Cl)ccc1NC(=O)Nc1nc(Sc2c[nH]c3ccccc23)cc(N2CCN(Cc3ccccc3)CC2)n1,5.313274378925458,0,5.426396316149214
308,308,Cc1cc(F)c(NC(=O)NCCC(C)(C)C)cc1-c1cc2cnc(N)nc2nc1C,6.266802734893431,0,6.653615395811649
309,309,Cc1cc(NC(=O)Nc2ccc(-c3nccc4[nH]nc(N)c34)cc2)ccc1F,7.455931955649724,0,7.205644603877424
310,310,Cc1cc(NC2=NC(=O)/C(=C\c3c4ccccc4cc4ccccc34)S2)no1,7.055517327849831,0,6.7596377914169805
311,311,Cc1cc(Nc2ccnc(NCc3cc(C(N)=O)no3)n2)n[nH]1,5.899653583023886,0,5.902852742959088
312,312,Cc1cc(Nc2nc(NCc3cc(C(C)(C)C)no3)ncc2Br)n[nH]1,5.39989110986699,0,5.592827195260317
313,313,Cc1cc(Nc2nc(NCc3ccccn3)ncc2Br)n[nH]1,5.799726939370091,0,5.632474275723083
314,314,Cc1cc(Nc2ncc(F)c(N[C@H]3[C@@H](C(N)=O)[C@@H]4C=C[C@H]3C4)n2)ccc1N1CCN(C)CC1,7.358349385648225,0,6.983461753800002
315,315,Cc1cc2c(F)c(Oc3ncnc(N)c3/C=N/OCCCO)ccc2[nH]1,7.920818753952375,0,7.513567667227035
316,316,Cc1cc2c(F)c(Oc3ncnc(N)c3/C=N/OCCO)ccc2[nH]1,7.346787486224656,0,7.555295813845263
317,317,Cc1cc2c(F)c(Oc3ncnn4cc(OCCCNS(C)(=O)=O)c(C)c34)ccc2[nH]1,7.173925197299173,0,7.089602056624916
318,318,Cc1cc2c(F)c(Oc3ncnn4cc(OCCN5CC[C@H](O)C5)c(C)c34)ccc2[nH]1,7.602059991327962,0,7.76155700933785
319,319,Cc1cc2c(Nc3ccc(C)c(O)c3)ncnn2c1,6.396855627379818,0,6.52645416981237
320,320,Cc1cc2cc(Nc3ncnn4cc(OC[C@@H](C)O)c(C)c34)cnc2[nH]1,6.649751981665837,0,6.76399252317712
321,321,Cc1cc2ccnc(Nc3ccc(Oc4ccnc(N)c4I)c(F)c3)c2c(=O)n1-c1ccc(F)cc1F,7.73754891026957,0,7.521746336490728
322,322,Cc1ccc(-n2cc(C(=O)c3c(C)[nH]c(-c4ccccc4)c3-c3ccccc3)c(C(=O)Nc3ccccc3)n2)cc1,5.363411816270158,0,5.492437420031104
323,323,Cc1ccc(-n2cc(NC(=O)c3ccc(NS(=O)(=O)c4ccccc4)cc3)cn2)cc1,5.164246032480617,0,5.297670634663578
324,324,Cc1ccc(/C=N/NC(=O)N2CCc3ncnc(Nc4cccc(C(F)(F)F)c4)c3C2)cc1,6.816730156317195,0,6.872055297591398
325,325,Cc1ccc(C(=O)Nc2cccc(C(F)(F)F)c2)cc1C#Cc1cnc2ccccc2n1,8.301029995663981,0,7.788165182486379
326,326,Cc1ccc(C(=O)O)c(N/C=C/C(=O)c2ccc(NC(=S)Nc3ccc(S(=O)(=O)Nc4ccccn4)cc3)cc2)c1,6.675717544702307,0,6.704652137631589
327,327,Cc1ccc(C2=NN(C(N)=S)C(c3ccc4ccccc4c3)C2)cc1,5.677573947594047,0,5.792617874845469
328,328,Cc1ccc(C2=Nc3c(n[nH]c3C)Nc3nc(N4CCCCC4)ncc32)cc1,7.508638306165727,0,7.329217548159242
329,329,Cc1ccc(C2=Nc3c(n[nH]c3C)Nc3nc(NC(C)(C)C)ncc32)cc1,7.068033885271827,0,7.097363113208674
330,330,Cc1ccc(CC(=O)Nc2ccc(-n3c4c(c5ncnc(N)c53)CCC4)cc2)c(F)c1,7.958607314841775,0,7.604760269985943
331,331,Cc1ccc(CC(=O)Nc2ccc3[nH]c(-c4ccc(Cl)cc4)nc3c2)cc1,7.126679398184601,0,6.85342537993406
332,332,Cc1ccc(CC(=O)Nc2ccc3oc(-c4ccccc4F)nc3c2)cc1,6.631527161559639,0,6.7125134834176015
333,333,Cc1ccc(F)c(NC(=O)Nc2ccc(Oc3ccnc(-c4cc(C(=O)NCCC(=O)O)c[nH]4)c3)cc2F)c1,7.602059991327962,0,7.505157840248131
334,334,Cc1ccc(F)c(NC(=O)Nc2ccc(Oc3ccnc(-c4cc(C(=O)NCCCC(=O)N5CCCC(O)C5)c[nH]4)c3)cc2)c1,7.537602002101044,0,7.677295009405253
335,335,Cc1ccc(F)c(NC(=O)Nc2ccc(Oc3ccnc(-c4cc(C(=O)NCCCC(=O)O)c[nH]4)c3)cc2F)c1,7.744727494896693,0,7.551492652632221
336,336,Cc1ccc(F)c(NC(=O)c2ccc(F)c(Oc3ccnc(-c4cc(C(=O)NO)c[nH]4)c3)c2)c1,7.455931955649724,0,7.21118024747521
337,337,Cc1ccc(F)c(NC(=O)c2cccc(Oc3ccnc(-c4cc(C(=O)N5CC[C@H](O)C5)c[nH]4)c3)c2)c1,7.376750709602099,0,7.529923398465661
338,338,Cc1ccc(F)c(NC(=O)c2cccc(Oc3ccnc(-c4cc(C(=O)NCC(O)CO)c[nH]4)c3)c2)c1,7.318758762624412,0,7.278961252534309
339,339,Cc1ccc(NC(=O)C2(C(=O)Nc3ccc(Nc4ncc(F)c(-c5cc(F)c6nc(C)n(C(C)C)c6c5)n4)cc3)CC2)cc1,7.327902142064282,0,7.318209343008787
340,340,Cc1ccc(NC(=O)c2ccc(NC(=O)/C=C/CN(C)C)c(C(F)(F)F)c2)cc1Nc1nccc(-c2cccnc2)n1,5.346690987061521,0,5.61466440748662
341,341,Cc1ccc(NC(=O)c2scnc2CCc2cnoc2)c(F)c1,5.670069888579461,0,5.967769000885446
342,342,Cc1ccc(Nc2ncnn3cc(C(=O)NCCCN4CCCC4)c(C(C)C)c23)cc1O,7.721246399047171,0,7.896627086368546
343,343,Cc1ccc(Nc2ncnn3cc(NC(=O)NCCCN4CCCCC4)c(C(C)C)c23)cc1O,8.221848749616356,0,8.107897514915912
344,344,Cc1ccc(Nc2ncnn3cc(NC(=O)OCCCn4nccn4)c(C(C)C)c23)cc1O,8.096910013008056,0,7.909717227537156
345,345,Cc1ccc(Nc2nnc(-c3c(NCc4ccncc4)ncn3C)o2)c(F)c1,6.388250731571451,0,6.706833653000428
346,346,Cc1ccc(Nc2nnc(-c3ccc(C(N)=O)cc3)c3ccccc23)c(C)c1,5.161087972594002,0,5.362635788997112
347,347,Cc1ccc(O)cc1CC[C@@H]1C(=O)CC[C@@]2(C)[C@H]1CC[C@@H]2[C@H](C)/C=C/CC(C)C,5.337147766735203,0,5.282130672796593
348,348,Cc1ccc(O)cc1Nc1ccnc2ccc(-c3cccnc3)cc12,6.336299074610352,0,6.206047878058762
349,349,Cc1ccc2c(c1)c(/C=C1\C(=O)NN=C1c1cnns1)cn2C,7.443697499232712,0,7.469369811371762
350,350,Cc1cccc(Cn2nc(C)c3c(NC(=O)c4csc5c(N)ncnc45)cccc32)n1,6.277366077466188,0,6.244929776926743
351,351,Cc1cccc(NC(=O)Cc2ccc(-c3cccc4c3CNC4=O)cc2)c1,5.677573947594047,0,6.01702207655741
352,352,Cc1cccc(NC(=O)Nc2ccc(N3CCc4ccncc4C3)cc2C)c1,6.341988603342887,0,6.459914856247133
353,353,Cc1cccc(NC(=O)Nc2ccc(Oc3ccnc(-c4cc(C(=O)N5CC[C@@H](O)C5)c[nH]4)c3)cc2)c1,7.823908740944319,0,7.637203315255567
354,354,Cc1cccc(NC(=O)Nc2ccc(Oc3ccnc(-c4cc(C(=O)N[C@@H](CCC(=O)OC(C)(C)C)C(=O)O)c[nH]4)c3)cc2F)c1,7.744727494896693,0,7.59786739652722
355,355,Cc1cccc(NC(=O)c2ccc(NC(=O)Cn3c(=O)c4nncn4c4ccccc43)cc2)c1,8.309803919971486,0,8.346080493513249
356,356,Cc1ccoc1C(=O)Nc1ccc(Oc2ccnc(-c3ccc[nH]3)c2)cc1,5.583193128177056,0,6.328088906174324
357,357,Cc1ccoc1C(=O)Nc1cccc(Oc2ccnc(-c3cc(C(N)=O)c[nH]3)c2)c1,7.657577319177793,0,7.348906573301412
358,358,Cc1ccoc1C(=O)Nc1cccc(Oc2ccnc(-c3ccc[nH]3)c2)c1,7.1487416512809245,0,6.734355982995868
359,359,Cc1coc2ncnc(N(C)c3ccc(N(C)C)cc3)c12,7.779891911959945,0,7.6015461553598564
360,360,Cc1n[nH]c2cc(Nc3nc(NC4CC4)c4occc4n3)ccc12,5.068491278133383,0,5.151277988116953
361,361,Cc1n[nH]c2ccc(-c3cc(N[C@@H](CO)c4ccccc4)cnc3-c3cc(Cl)ccc3O)cc12,8.327902142064282,0,8.267064650520458
362,362,Cc1n[nH]c2sc(C(N)=O)c(NC(=O)c3cccs3)c12,5.221776373233904,0,5.6977509700778235
363,363,Cc1nc(N(C)c2ccc(OC(C)C)cc2)c2cc(C)oc2n1,7.403402904373539,0,7.578997988323733
364,364,Cc1nc(N(C)c2ccc3c(c2)OCO3)c2cc(C)oc2n1,7.679853713888946,0,7.3739063491685295
365,365,Cc1nc(Nc2cc(-c3ccc(CNC(=O)Nc4cc(C(C)(C)C)on4)cc3)n[nH]2)cc(N2CCNCC2)n1,7.0655015487564325,0,6.966884326075221
366,366,Cc1nc(Nc2cc(-c3ccc(CNC(=O)Nc4cccc(Cl)c4)cc3)n[nH]2)cc(N2CCNCC2)n1,7.4089353929735005,0,7.069500289022136
367,367,Cc1nc(Nc2cc(-c3ccc(NC(=O)Nc4ccccc4)cc3)n[nH]2)cc(N2CCN(C)CC2)n1,6.20690839982342,0,6.6204566510100555
368,368,Cc1nc(Nc2ccc(F)c(Cl)c2)c2cc(C)oc2n1,7.22767829327708,0,7.253318835078121
369,369,Cc1nc(Nc2cccc3ccccc23)c2cc(C)oc2n1,7.478861916295964,0,7.214632142323825
370,370,Cc1nc(Nc2ccccc2)c2cc(C)oc2n1,7.289882634888183,0,7.109009276854702
371,371,Cc1nc(Nc2ncc(-c3ccc(NC(=O)Nc4ccccc4)cc3)s2)cc(N2CCC(N)CC2)n1,7.267606240177031,0,7.209663001148611
372,372,Cc1nc(Nc2ncc(-c3ccc(NC(=O)Nc4ccccc4)cc3)s2)cc(N2CCN(C)CC2)n1,6.79317412396815,0,6.788694131791902
373,373,Cc1nn(-c2ccnc(Nc3ccc4c(c3)c(Cl)c(C)n4C)n2)cc1CN1C[C@H](O)C[C@H]1C,5.369267107182804,0,5.469809735502909
374,374,Cc1nn(-c2ccnc(Nc3ccc4c(c3)c(Cl)nn4C)n2)cc1CN1CC(O)C1,5.951558196449596,0,6.096321678881528
375,375,Cc1nnsc1C1=NNC(=O)/C1=C\c1cn(C)c2ccc(F)cc12,7.0,0,7.150769807407312
376,376,Cc1nnsc1C1=NNC(=O)/C1=C\c1cn(C)c2cccc(F)c12,6.860120913598763,0,7.009026846920417
377,377,Cc1noc(-c2cn3ncnc(Nc4cnc5[nH]ccc5c4)c3c2C(C)C)n1,7.013228265733755,0,6.989944550424218
378,378,Clc1ccc(Nc2nnc(-c3cccnc3CCc3ccncc3)o2)cc1Cl,6.562049955606738,0,6.851256614691698
379,379,Clc1ccc(Nc2nnc(Cc3ccncc3)c3ccncc23)cc1,5.853561864714226,0,6.087980292871714
380,380,Clc1ccc(SCc2n[nH]c(-c3ccc(Cl)cc3)n2)cc1,5.111764326729433,0,5.5378195171438485
381,381,Cn1c(C(C)(C)O)cc2ncnc(Oc3ccc(NC(=O)Nc4cccc(C(F)(F)F)c4)c(Cl)c3)c21,7.721246399047171,0,7.8386556844289705
382,382,Cn1cc(-c2cnc3ccc(Cl)cc3n2)cn1,6.336299074610352,0,6.39667796223391
383,383,Cn1cc(-c2cncc(-c3ccc(NC(=O)Nc4cc(C(C)(C)C)no4)cc3)n2)cn1,5.999565922520681,0,6.087617529074562
384,384,Cn1cc(/C=C2\C(=O)NN=C2c2cnccn2)c2c(F)cccc21,7.744727494896693,0,7.561724894239393
385,385,Cn1cc(/C=C2\C(=O)NN=C2c2cnccn2)c2cc(F)ccc21,7.619788758288394,0,7.668192287944227
386,386,Cn1cc(/C=C2\C(=O)NN=C2c2cnns2)c2cc(F)ccc21,7.309803919971486,0,7.449103448073721
387,387,Cn1cc(/C=C2\C(=O)NN=C2c2nccs2)c2cc(F)ccc21,7.301029995663981,0,7.23367440902047
388,388,Cn1cc(/C=C2\C(=O)NN=C2c2nccs2)c2ccccc21,7.327902142064282,0,7.240503097576985
389,389,Cn1cc(Nc2nccc(N3C[C@H]4CC[C@H](C3)N4C(=O)[C@@H]3CC3(F)F)n2)cn1,5.7956086680807,0,6.023728546531022
390,390,Cn1cc2c(n1)CCc1c-2c2c(c3c4cc(C5CCCCO5)ccc4n(C)c13)CNC2=O,7.795880017344075,0,7.698283979900014
391,391,Cn1cc2c(n1)CCc1c-2c2c(c3c4cc(C5CCCCO5)ccc4n(CCO)c13)CNC2=O,8.397940008672037,0,8.043216064952366
392,392,Cn1ccc2ncnc(Oc3ccc(NC(=O)Nc4cc(C(F)(F)F)ccn4)c(Cl)c3)c21,8.431798275933005,0,7.997428793893797
393,393,Cn1ccc2ncnc(Oc3ccc(NC(=O)Nc4cc(N5CCOCC5)cc(C(F)(F)F)c4)c(Cl)c3)c21,7.214670164989233,0,7.479735605178769
394,394,Cn1cnc(NCc2ccncc2)c1-c1nnc(Nc2ccc(Cl)c(C(F)(F)F)c2)o1,7.1761129748655845,0,6.8619699508249505
395,395,Cn1cnc(NCc2ccncc2)c1-c1nnc(Nc2cccc(OC(F)(F)F)c2)o1,7.105315423204258,0,6.944302652594878
396,396,Cn1nc(C(C)(C)C)cc1NC(=O)Nc1ccc(Oc2ncnc3ccn(C)c23)cc1Cl,7.698970004336019,0,7.627419737216776
397,397,Cn1ncc2c(Oc3ccc4c(c3)nc(Nc3ccc(Cl)cc3)n4C)ncnc21,7.29413628771608,0,6.932826773981228
398,398,Cn1ncc2c1CCc1c-2c2c(c3c4cc(C5CCCCO5)ccc4n(C4CCCC4)c13)CNC2=O,7.180456064458131,0,7.200247952634204
399,399,FC(F)(Cl)Oc1ccc(Nc2nnc(-c3ccncc3CCc3ccncc3)o2)cc1,6.46525660261671,0,6.484654545012284
400,400,FC(F)(F)Oc1ccc(Nc2nnc(-c3cccnc3CCc3ccncc3)o2)cc1,7.315392071294928,0,7.124814235410445
401,401,FC(F)(F)Oc1ccc(Nc2nnc(-c3ccncc3CCc3ccncc3)o2)cc1,6.317245712024269,0,6.516029673124241
402,402,FC(F)(F)Oc1ccc(Nc2nnc(-c3cnccc3CCc3ccncc3)o2)cc1,6.367035948979815,0,6.326664459241197
403,403,FC(F)(F)c1cc(Nc2nnc(Cc3ccncc3)c3ccccc23)ccc1Cl,6.521433504406157,0,6.308385190190875
404,404,FC(F)(F)c1ccc(Nc2nnc(-c3cccnc3CCc3ccncc3)o2)cc1,7.171328631592687,0,6.954829115652296
405,405,FC(F)(F)c1ccc(Nc2nnc(-c3ccncc3CCc3ccncc3)o2)cc1,6.339085873147331,0,6.371970759843722
406,406,FC(F)(F)c1cccc(Nc2nnc(-c3cccnc3CCc3ccc4[nH]ncc4c3)o2)c1,5.412176828681044,0,5.762949483268498
407,407,FC(F)(F)c1cccc(Nc2nnc(-c3cccnc3CCc3cccc4ncccc34)o2)c1,5.248643900274606,0,5.379417713601945
408,408,Fc1ccccc1-c1nc2ccc(Nc3ncnc4ccccc34)cc2[nH]1,5.197157887260925,0,5.876191928477783
409,409,N#CC1(c2cccc(C(=O)Nc3cc(Oc4ccc5nc(NC(=O)C6CC6)sc5n4)ccc3F)c2Cl)CC1,8.42021640338319,0,8.498407067122379
410,410,N#Cc1cnc(Nc2cc(N)ncn2)s1,7.376750709602099,0,7.288229195330188
411,411,N#Cc1cnc(Nc2cc(N3CCC(N)C3)ncn2)s1,7.71356419889976,0,7.666945833972056
412,412,N#Cc1cnc(Nc2cc(N3CCCC(N)CC3)ncn2)s1,7.897940008672037,0,7.935144475659793
413,413,N#Cc1cnc(Nc2cc(N3CCCNCC3)ncn2)s1,7.517164014389946,0,7.5340637154151215
414,414,N#Cc1cnc(Nc2ccc(CCC(=O)N3CCOCC3)cc2)nc1-c1ccccc1,6.742321425130816,0,6.431488543924563
415,415,N#Cc1cnc(Nc2ccc(CCN3CCCC3)cc2)nc1-c1ccccc1,6.954677021213342,0,6.846465400798879
416,416,N#Cc1cnc(Nc2ccc(CCO)cc2)nc1-c1cc2ccccc2[nH]1,5.853561864714226,0,6.38402554013813
417,417,N#Cc1cnc(Nc2ccc(CCO)cc2)nc1-c1ccc(S(N)(=O)=O)cc1,6.696803942579511,0,6.850346867529368
418,418,N#Cc1cnc(Nc2ccc(CCO)cc2)nc1-c1ccc2[nH]ccc2c1,7.040958607678906,0,6.581056477624335
419,419,N#Cc1cnc(Nc2ccc(CCO)cc2)nc1-c1nc2ccccc2s1,6.467245621007502,0,6.21778043486128
420,420,N#Cc1cnc(Nc2ccc(CN3CCCC3)cc2)nc1-c1ccccc1,7.207608310501746,0,7.067892555009659
421,421,N#Cc1cnc(Nc2ccc3ccccc3c2)nc1-c1ccccc1,5.677573947594047,0,6.222054747590081
422,422,N#Cc1cnc(Nc2ccccc2)nc1-c1ccccc1,5.999565922520681,0,6.291137844291529
423,423,N#Cc1cnc(Nc2ccnc(N)n2)s1,6.253365801062421,0,6.792451009876116
424,424,N#Cc1cnc(Nc2ccncn2)s1,6.003926345514724,0,6.6331986808872525
425,425,NC(=O)c1c(OCc2c(F)cc(Br)cc2F)nsc1NC(=O)NCCCCN1CCCC1,7.920818753952375,0,7.511872012204188
426,426,NC(=S)N/N=C1\C(=O)N(Cc2ccccc2)c2ccc(Cl)cc21,6.756961951313706,0,6.553417524367865
427,427,NC(=S)N1N=C(c2ccc(Cl)c(Cl)c2)CC1c1ccc2ccccc2c1,5.494714325855868,0,5.758325497440506
428,428,NS(=O)(=O)c1ccc(NC(=O)Nc2ccc(/N=C3\C(=O)Nc4ccc(Cl)cc43)cc2)cc1,6.507239610973162,0,6.544658902037934
429,429,NS(=O)(=O)c1ccc(Nc2nccc(Nc3ccc4[nH]ncc4c3)n2)cc1,7.5934598195660445,0,6.979059614848114
430,430,Nc1c(-c2nc3ccc[nH]c-3n2)c(O)nc2ccccc12,7.769551078621726,0,7.45048606053996
431,431,Nc1c(C(=O)c2cc3ccccc3o2)cnn1-c1cc(O)ccc1Cl,6.767003889607846,0,6.793927055474614
432,432,Nc1n[nH]c2cc(-c3cnn(CC(=O)Nc4cccc(C(F)(F)F)c4F)c3)ccc12,7.638272163982407,0,7.529828984170223
433,433,Nc1nc(Nc2ccc(Br)cc2Cl)c2cc(Cc3ccc(Cl)cc3Cl)[nH]c2n1,6.995678626217357,0,6.8421273767595245
434,434,Nc1nc(Nc2ccc3c(c2)CC[C@@H](N2CCCC2)CC3)nn1-c1cc2c(nn1)-c1ccccc1CCC2,8.045757490560675,0,7.838682177841717
435,435,Nc1nc(Nc2cccc(F)c2)c2cc(Cc3ccc(Cl)cc3Cl)[nH]c2n1,6.521433504406157,0,6.643320389961456
436,436,Nc1ncc(-c2cnn(CC(=O)N3CCOCC3)c2)c2scc(-c3ccc(Oc4ccccc4)cc3)c12,6.71669877129645,0,6.730345737322203
437,437,Nc1nccc(Oc2ccc(Nc3nccc4ccn(-c5ccc(F)cc5)c(=O)c34)cc2F)c1Cl,6.551448260798422,0,6.535766292598855
438,438,Nc1onc2nc(-c3ccccc3)cc(-c3ccc(NC(=O)Nc4ccc(Cl)c(C(F)(F)F)c4)cc3)c12,6.163675884293248,0,6.22662621562004
439,439,O=C(CC1(N2CCOCC2)CCCCC1)Nc1ccc2[nH]nc(-c3ccc(N4CCOCC4)cc3)c2c1,5.920456992597094,0,6.075998779982095
440,440,O=C(CN1CCN(c2cc(=O)n(-c3ccccc3)c3ccccc23)CC1)Nc1nc(-c2ccc(Cl)cc2)cs1,7.195860567664649,0,7.093813313467196
441,441,O=C(CSC(=S)N1CCN(c2ccccc2)CC1)Nc1cccc(NC(=O)c2ccccn2)c1,7.013228265733755,0,6.592845685455312
442,442,O=C(CSC(=S)N1CCN(c2ncccn2)CC1)Nc1cccc(NC(=O)c2ccccn2)c1,6.518557371497695,0,6.676095865782718
443,443,O=C(CSc1nc2ccccc2n2cnnc12)Nc1ccc(C(=O)NCc2ccccc2)cc1,7.643974142806877,0,7.912769247442431
444,444,O=C(CSc1nc2ccccc2n2cnnc12)Nc1ccc(C(=O)Nc2ccccn2)cc1,8.2518119729938,0,7.971686552912292
445,445,O=C(Cn1c(-c2ccco2)nc2ccccc21)N/N=C/c1ccccc1Cl,6.193141970481182,0,5.976313515246652
446,446,O=C(Cn1c(=O)c2nncn2c2ccccc21)Nc1ccc(C(=O)NCc2ccccc2)cc1,8.244125144327509,0,8.004962106444449
447,447,O=C(Cn1c(=O)c2nncn2c2ccccc21)Nc1ccc(C(=O)NNC(=O)c2ccccc2)cc1,8.013228265733755,0,7.589517767662104
448,448,O=C(Cn1c(=O)c2nncn2c2ccccc21)Nc1ccc(C(=O)Nc2ccc(Cl)cn2)cc1,7.296708621881338,0,7.896925815255953
449,449,O=C(NC1CC1)c1ccc(F)c(CCc2cnc(Nc3ccccn3)s2)c1,7.823908740944319,0,7.624392093011404
450,450,O=C(NCCCN1CCCC1=O)c1cnccc1Nc1nc(-c2cc(Br)ccc2F)nc2nccnc12,6.85078088734462,0,6.8529575293081795
451,451,O=C(NCCN1CCOCC1)c1ccc(F)c(NCc2cnc(Nc3ccccn3)s2)c1,7.0655015487564325,0,7.032994983497077
452,452,O=C(NCCc1ccccc1)c1cc2c(-c3ccccc3)[nH]nc2s1,5.698752911363789,0,6.009394537007426
453,453,O=C(NCc1ccc(-c2cc(NC(=O)c3ccc(OCCCN4CCCC4)cc3)[nH]n2)cc1)OCc1ccccc1,6.617982957425132,0,6.782010944568922
454,454,O=C(NCc1ccccc1)Nc1cccc(NC(=O)c2ccccn2)c1,5.761702932124607,0,6.281025092721612
455,455,O=C(NCc1ccccc1)c1cc2c(-c3ccccc3)[nH]nc2s1,6.300162274132754,0,6.183349827470871
456,456,O=C(NO)c1ccc(-c2cc3c(NCc4ccccc4)ncnc3[nH]2)cc1,5.999565922520681,0,6.382485546113601
457,457,O=C(Nc1ccc(-c2ccc3c(=O)nc[nH]c3c2)cc1)C1(C(=O)Nc2cccc(C(F)(F)F)c2)CCC1,6.506346804323073,0,6.472802530454891
458,458,O=C(Nc1ccc(Cl)cc1)Nc1nc(Sc2c[nH]c3ccccc23)cc(N2CCCCC2)n1,5.73969005420508,0,5.766734379034653
459,459,O=C(Nc1ccc(Nc2ccc([N+](=O)[O-])c3ncnc(O)c23)cc1)Nc1cc(Cl)ccc1Cl,7.366531544420413,0,7.085178037152058
460,460,O=C(Nc1ccc(Nc2ccc([N+](=O)[O-])c3ncnc(O)c23)cc1)Nc1cccc(C(F)(F)F)c1,7.337242168318426,0,7.217734285045522
461,461,O=C(Nc1ccc(Nc2ccc([N+](=O)[O-])c3ncnc(O)c23)cc1)c1ccccc1,6.133181197073952,0,6.540064553447542
462,462,O=C(Nc1ccc(OCCN2CCOCC2)c(Cl)c1)c1cccc(-c2cccc(O)c2)c1,7.1054070520770445,0,7.046274214427614
463,463,O=C(Nc1ccc(OCCN2CCOCC2)c(F)c1)c1cccc(-c2cccc(O)c2)c1,6.885222268028437,0,7.155785573658505
464,464,O=C(Nc1ccc(Oc2ccccc2)cc1)c1cccnc1NCc1ccncc1,7.4089353929735005,0,7.016268172695153
465,465,O=C(Nc1ccc(Oc2ccnc3[nH]ccc23)cc1)c1nn(-c2ccc(Cl)c(C(F)(F)F)c2)ccc1=O,5.619607839942972,0,5.656465999313455
466,466,O=C(Nc1ccc([N+](=O)[O-])cc1)Nc1cccc(CNc2ncnc3c2cnn3CCc2ccccc2)c1,5.962175249411658,0,5.75619137973149
467,467,O=C(Nc1ccc2c(c1)OCO2)c1ccccc1Cn1ccc2cnccc21,6.882728704344236,0,6.976163832501603
468,468,O=C(Nc1ccc2oc(-c3ccc(Cl)cc3)nc2c1)c1ccc(Cl)c(Br)c1,6.469416140354882,0,6.544366116922933
469,469,O=C(Nc1cccc(CNc2ncnc3c2cnn3CCc2ccccc2)c1)c1ccc([N+](=O)[O-])cc1,5.482672117705627,0,5.808137345594876
470,470,O=C(Nc1cccc(NC(=S)Nc2ccc([N+](=O)[O-])cc2)c1)c1ccccn1,6.696803942579511,0,6.698331222232752
471,471,O=C(Nc1ccccc1)Nc1ccc(C(=O)N/N=C2\C(=O)Nc3ccc(F)cc32)cc1,5.374584647845592,0,5.810698348478179
472,472,O=C(Nc1ccccc1)Nc1ccc(Oc2ccc3nccn3n2)cc1,5.283913146225168,0,5.956503616799644
473,473,O=C(Nc1ccccc1)Nc1ccc(Sc2ccnc3ccsc23)cc1,5.935167780261426,0,6.062825429287569
474,474,O=C(Nc1ccccc1)Nc1nc(NC2CC2)cc(Sc2c[nH]c3ccccc23)n1,5.282246306789284,0,5.398765672720489
475,475,O=C(Nc1cnn(-c2ccccc2)c1)c1ccc(NS(=O)(=O)c2ccc(Cl)cc2)cc1,5.430509045651217,0,5.309689761349744
476,476,O=C(Nc1nc2ccc(Cl)cc2s1)c1cn(-c2ccccc2)nc1-c1ccc(F)cc1,7.008773924307505,0,6.430741549137066
477,477,O=C(Nc1nc2ccc(Cl)cc2s1)c1cn(-c2ccccc2)nc1-c1ccccc1,6.188424994129407,0,6.4415051883616865
478,478,O=C(O)CCC1CCCc2[nH]c(/C=C3\C(=O)Nc4ccccc43)cc21,7.040958607678906,0,7.20938952725506
479,479,O=C(O)CN1CCN(c2cc(-c3cnc4ccc(N5CCC[C@@H]5c5cccc(F)c5)nn34)ccn2)CC1,5.999565922520681,0,6.0485762047726785
480,480,O=C1/C(=N\N=c2\[nH]c(-c3ccc(Cl)cc3)cs2)c2cc(Cl)ccc2N1Cc1ccccc1,6.798602875679549,0,6.553235695641735
481,481,O=C1/C(=N\N=c2\[nH]c(-c3ccc([N+](=O)[O-])cc3)cs2)c2cc(Cl)ccc2N1Cc1ccccc1,7.050609993355087,0,7.008523502710466
482,482,O=C1/C(=N\N=c2\[nH]c(-c3ccccc3)cs2)c2cc(Cl)ccc2N1Cc1ccccc1,6.373659632624958,0,6.583199307147628
483,483,O=C1NCc2c1c1c(c3[nH]c4ccccc4c23)Cc2ccccc2-1,6.954677021213342,0,6.8292063207523475
484,484,O=C1Nc2cc([N+](=O)[O-])ccc2/C1=C(/Nc1ccc(CN2CCCCC2)cc1)c1ccccc1,8.096910013008056,0,7.7550340735389796
485,485,O=C1Nc2ccc(Br)cc2/C1=N/NC(=O)c1ccc(NC(=O)c2ccc(Cl)cc2)cc1,5.439973751087107,0,5.774120137175921
486,486,O=C1Nc2ccc(O)cc2/C1=C/c1ccc[nH]1,6.390939450069913,0,6.559743103924128
487,487,O=C1Nc2ccccc2/C1=C\c1ccc2c(/C=C/c3ccncc3)n[nH]c2c1,7.455931955649724,0,7.520644315751494
488,488,O=S(=O)(Nc1nccs1)c1ccc(Nc2nncc3ccccc23)cc1,8.017728766960431,0,7.478814157740809
489,489,O=S1(=O)NCCCNc2nc(ncc2Br)Nc2cccc1c2,7.387216143280264,0,7.004147379177865
490,490,O=c1[nH]c(CN2CCCCC2)nc2cc(-c3cn(Cc4ccccc4)c4ccccc34)sc12,5.64762450499948,0,5.707531824260276
491,491,O=c1cc(-c2ccc3c(c2)ncn3-c2ccccc2)ccn1CCCN1CCCCC1,7.585026652029182,0,7.625518782594628
492,492,O=c1ccc(-c2ccc3c(c2)ncn3-c2ccccc2)cn1CCCN1CCCCC1,7.42021640338319,0,7.311919457757227
493,493,O=c1ccc2ccccc2cc1-c1nc2ccccc2[nH]1,6.448550002027124,0,5.948543879705922
494,494,OC[C@H](Nc1cnc(-c2cc(Cl)ccc2O)c(-c2ccc3cnccc3c2)c1)c1ccccc1,8.744727494896694,0,8.22581793988319
495,495,c1cc(-c2cnn3cc(-c4ccc(N5CCNCC5)cc4)cnc23)c2cccnc2c1,5.69015699528393,0,5.699367820013896
496,496,c1cc(-c2nnc(Nc3ccc(N4CCOCC4)cc3)c3ccccc23)c2ccncc2c1,6.407823242604133,0,6.553502189478021
497,497,c1ccc(-n2cnc3cc(-c4ccc(NCCN5CCOCC5)nc4)ccc32)cc1,7.275724130399211,0,7.111027869617621
498,498,c1ccc2c(-c3cncc(-c4ccsc4)c3)c[nH]c2c1,6.896196279044043,0,6.827766567732084
499,499,c1cnc(CCc2ccncc2)c(-c2nnc(Nc3cnc4ccccc4c3)o2)c1,6.41907502432438,0,6.606743596848934
